edit_history_tweet_ids,author_id,text,public_metrics,id
['1610727766122729474'],984612488795701249,"RT @Aptoki_NFT: Where is the next 100x Crypto Gem? ---- $Api

$Api is the #Aptoki token.
----------
üéÅ10WL | Follow, RT &amp; Like,Tag friends üë∑‚Ä¶","{'retweet_count': 2286, 'reply_count': 0, 'like_count': 0, 'quote_count': 0, 'impression_count': 0}",1610727766122729474
['1610727765556461571'],1460629870073974788,"RT @_King_Loki_: $BONK Airdrop Token

To Enter:
1. Follow @_King_Loki_
2. Like &amp; Retweet
3. Tag 3 Friends
Comment your solana wallet addres‚Ä¶","{'retweet_count': 285, 'reply_count': 0, 'like_count': 0, 'quote_count': 0, 'impression_count': 0}",1610727765556461571
['1610727764369211408'],1434948912054472718,@Bitboy_Crypto Only unsuspecting losers would buy this shit. No wonder the world is this fuc*d. Too many ignorant people around...they'll learn the hard way.,"{'retweet_count': 0, 'reply_count': 3, 'like_count': 6, 'quote_count': 0, 'impression_count': 51}",1610727764369211408
['1610727763471917057'],1101831295125065728,"If you'r–µ –∞ crypto trader, you must see this. @feihuataiduo @Tony66815265 @The_Real_PB @TheKurdWolf @PBGroup4 @charanek_ramy @kriptobrkunl @Loprak4 @dynamit28 @man62861137 @haydenscott1555 @cryptoangel668 @YKhelstovsky @amaro_hassan @NFT_Nappa https://t.co/sMes9S3g2z","{'retweet_count': 0, 'reply_count': 0, 'like_count': 0, 'quote_count': 0, 'impression_count': 3}",1610727763471917057
['1610727763056676864'],1545003312365596672,@topbscnews @RichQuack @iSafePal @Everdome_io @highstreetworld @RACA_3 @biconomy @CEEK @AlphaFinanceLab @MOBOX_Official @SeedifyFund $QUACK #Crypto #NFT #NFTs,"{'retweet_count': 0, 'reply_count': 0, 'like_count': 0, 'quote_count': 0, 'impression_count': 2}",1610727763056676864
['1610727762796449792'],4768830455,RT @MichaelKindling: Transfer of coins i minted and there seems to be 25 million coins that didn‚Äôt end up at https://t.co/OS7RHr14Kh instea‚Ä¶,"{'retweet_count': 1, 'reply_count': 0, 'like_count': 0, 'quote_count': 0, 'impression_count': 0}",1610727762796449792
['1610727762578251776'],1501922448324927500,"#Binance Last Price $258 #BNB
Weekly Indicators:
-RSI: 44.3
-Moving Average(20): 279
-MA(50): 312
-MA(100): 368
-Bollinger B. lower/upper: 234/324

#Polygon Price $0.8 #MATIC
-RSI: 46.5
-MA(20): 0.85
-MA(50): 0.98
-MA(100): 1.13
-BB: 0.67/1.02

#Crypto #Trading
(3/10)
388392","{'retweet_count': 0, 'reply_count': 1, 'like_count': 1, 'quote_count': 0, 'impression_count': 20}",1610727762578251776
['1610727762368823296'],1591309511276609537,"RT @coinesper: Crypto projects to watch bull or bear

1) @kadena_io - $KDA
2) @CoinMetro - $XCM
3) @RunOnFlux - $FLUX
4) @iota - $IOTA
5) @‚Ä¶","{'retweet_count': 72, 'reply_count': 0, 'like_count': 0, 'quote_count': 0, 'impression_count': 0}",1610727762368823296
['1610727761919737875'],1074032486236282882,"RT @remitano: #Remitano | #LearnAndEarn

Learn &amp; Earn #Crypto with ""Understanding your inner self"" course!ü§©

For the first time at Remitano‚Ä¶","{'retweet_count': 20, 'reply_count': 0, 'like_count': 0, 'quote_count': 0, 'impression_count': 0}",1610727761919737875
['1610727761576079360'],1477860263386771463,"RT @QuaiNetwork: We're giving away 5000 $QUAI.

Follow @QuaiNetwork on Twitter
Like + RT this post
Tag 3 friends
Join the #Quai Discord: ht‚Ä¶","{'retweet_count': 14268, 'reply_count': 0, 'like_count': 0, 'quote_count': 0, 'impression_count': 0}",1610727761576079360
['1610727760124837889'],1827768756,"RT @AlveyChain: üî•It is with great pleasure that we announce a big partnership with @Imovofficial 
‚ù§Ô∏èOur goal is to grow our allies and deve‚Ä¶","{'retweet_count': 3157, 'reply_count': 0, 'like_count': 0, 'quote_count': 0, 'impression_count': 0}",1610727760124837889
['1610727759805808651'],1459425662264131654,"RT @TRVLADCTTV: @Crypto_sarah11 Download #SaitaPro!
Hands down the best #DeFi app in the game!
Invest on SaitaPro &amp; sleep good knowing your‚Ä¶","{'retweet_count': 14, 'reply_count': 0, 'like_count': 0, 'quote_count': 0, 'impression_count': 0}",1610727759805808651
['1610727759625740288'],1318100650304053249,"@UltraSolomon @PeterSchiff I never thought I'd be interested in crypto, but this leaked arbitrage technique for making ETH has me hooked after seeing someone make over 200 ETH   https://t.co/nuJMGWltbk","{'retweet_count': 0, 'reply_count': 2, 'like_count': 0, 'quote_count': 0, 'impression_count': 0}",1610727759625740288
['1610727759441166336'],1479322096220008448,"@oogicoin I am happy to participate in this airdrop event, I wish you success in the future and become the best.

@fsashrafulYT
@Rsripon95903793
@azim_ayon

#Solana #SolanaAirdrop #Airdrop #Crypto #Giveawa 

Sol address : ucTMdxvCL3MN3nea5sFu7uTsevBd7rveYodJCm8s3PD","{'retweet_count': 0, 'reply_count': 0, 'like_count': 0, 'quote_count': 0, 'impression_count': 1}",1610727759441166336
['1610727758904033290'],1253030249392201730,"If you'r–µ –∞ crypto trader, you must see this. @AwaisSukhera15 @zestrhopile @greengrass67 @dada84714788 @makarachanheng @Jbehr12 @brsbyk89 @j0hnXBT @sfmpassenger621 @MiguelRodgs @margincall777 @CryptoNuit @samuelfossum @46Chandu @ChaosOrgd https://t.co/tUWpXsXFH9","{'retweet_count': 0, 'reply_count': 0, 'like_count': 0, 'quote_count': 0, 'impression_count': 1}",1610727758904033290
['1610727758803668992'],369467891,"@MauBig_Win The Kabosu Inu Airdrop is LiVE! 
Kindly send a Direct message if you are having any issues or have not received your 45% airdrop on the token you hold. we would make sure to work on it immediately. https://t.co/TqHwcimN3O","{'retweet_count': 0, 'reply_count': 0, 'like_count': 0, 'quote_count': 0, 'impression_count': 1}",1610727758803668992
['1610727757876547585'],1408832847830528012,"Uphold email supporting the flare airdrop!!!

I hope @BittrexGlobal @coinbase @BittrexExchange cryptodotcom  follow through !! https://t.co/61xozXmr4P","{'retweet_count': 1, 'reply_count': 0, 'like_count': 1, 'quote_count': 0, 'impression_count': 246}",1610727757876547585
['1610727757381570560'],1610720191377178624,"RT @atlaskion: @BitValleyInc is a #Web3 company flying under the radar for a while, one of the rarest finds in the #Crypto market, they are‚Ä¶","{'retweet_count': 17, 'reply_count': 0, 'like_count': 0, 'quote_count': 0, 'impression_count': 0}",1610727757381570560
['1610727756819562498'],1518853646594805760,@bitindichain @bitindiofficial $BNI #Crypto #Bitindichain,"{'retweet_count': 0, 'reply_count': 1, 'like_count': 0, 'quote_count': 0, 'impression_count': 3}",1610727756819562498
['1610727756114939904'],1258658558675042305,Pump M–∞nipul–∞tor is the best place for crypto traders @AnaLya15653966 @hrabry82 @ALLs_Polar @thecollectoour @HairulOsaman @RandomGale @ScreamingTrader @AouladRed @soccernut07 @pl4nck_ @AquaCapital_G @WillyMAC87 @sebasti17432917 @TheGCode5 @stefan_1082 https://t.co/i8RiNHjeS5,"{'retweet_count': 0, 'reply_count': 0, 'like_count': 0, 'quote_count': 0, 'impression_count': 17}",1610727756114939904
['1610727755951243266'],1130728813573357569,@CryptoCapo_ The  Bear market created a paradigm shift to negativity while crypto influencencers blow postive hopuim with every Tweet.This in turn created hostility.,"{'retweet_count': 0, 'reply_count': 5, 'like_count': 1, 'quote_count': 0, 'impression_count': 116}",1610727755951243266
['1610727755657924608'],3297755135,"RT @Bonk_airdrop: Since I was early to the $BONK drop, will #Airdrop $BONK to each and everyone of you who drop their phantom wallet in the‚Ä¶","{'retweet_count': 9, 'reply_count': 0, 'like_count': 0, 'quote_count': 0, 'impression_count': 0}",1610727755657924608
['1610727753439129603'],2623511262,"RT @sandofsky: We should probably worry that the same unethical clowns who built up crypto for a quick buck, gleefully ignoring its externa‚Ä¶","{'retweet_count': 62, 'reply_count': 0, 'like_count': 0, 'quote_count': 0, 'impression_count': 0}",1610727753439129603
['1610727753074237441'],3397401136,"RT @pricecryptos: üéÅGIVEAWAY | 50$ | 24 Hours

1- Follow us

2- Retweet and like this tweet

3- Reply your first crypto with hashtag under t‚Ä¶","{'retweet_count': 120, 'reply_count': 0, 'like_count': 0, 'quote_count': 0, 'impression_count': 0}",1610727753074237441
['1610727752415719424'],246881300,CLAIM fast!!!! @Release_pixels @ShaqirHussyin @Supermelaq @CryptoAddicts21 @BrentKeller12 @boolishh @whimwhams @keith31224357 @Hr5Kw @Crypto_Catman @lkhammandal @VERSUSMETA @luisluis40881 @wen12s https://t.co/b2GK3yv59B,"{'retweet_count': 0, 'reply_count': 0, 'like_count': 0, 'quote_count': 0, 'impression_count': 84}",1610727752415719424
['1610727751819853841'],1501311678838972416,"@Crypto__Diva @dojimanetwork got outstanding potentials.
@dojimanetwork will enable multiple blockchains to interact with each other, either for transferring assets or relaying data. 
#blockchain 
#DojimaNetwork","{'retweet_count': 0, 'reply_count': 1, 'like_count': 0, 'quote_count': 0, 'impression_count': 0}",1610727751819853841
['1610727751756939279'],246655218,"RT @LeonidasNFT: I'm on a mission to follow every @Crypto_Skulls holder. Show me your skulls below so that I can follow you! 

I'll start b‚Ä¶","{'retweet_count': 30, 'reply_count': 0, 'like_count': 0, 'quote_count': 0, 'impression_count': 0}",1610727751756939279
['1610727751719206913'],1610716645542051849,@via__crypto @omchainio @skngul @ahsenberak @layda061127,"{'retweet_count': 0, 'reply_count': 0, 'like_count': 0, 'quote_count': 0, 'impression_count': 0}",1610727751719206913
['1610727751513669632'],1587401637282435075,"RT @Kitty_Solana: üéâGIVING AWAYüéâ
50% of all $KITTY supply to all who still support!
Rules:
1Ô∏è‚É£Follow @Kitty_Solana
2Ô∏è‚É£RT &amp; LIKE
3Ô∏è‚É£Tag 3 Fri‚Ä¶","{'retweet_count': 16160, 'reply_count': 0, 'like_count': 0, 'quote_count': 0, 'impression_count': 0}",1610727751513669632
['1610727751039713295'],1526342822999236609,"RT @bonk_max_inu: You missed $BONK ?

To get guaranteed airdrop for 100mn $BONKMX

1. Like ‚ô•Ô∏è
2. RT ‚ôªÔ∏è
3. Tag your 2 friends ü´Ç

#SolanaAird‚Ä¶","{'retweet_count': 1426, 'reply_count': 0, 'like_count': 0, 'quote_count': 0, 'impression_count': 0}",1610727751039713295
['1610727750926757888'],1255427115513712640,"RT @sweeglecoin: We really appreciate for early adopters who support us, for that we will share 100.000.000.000 $SWG for early adopters .‚Ä¶","{'retweet_count': 9807, 'reply_count': 0, 'like_count': 0, 'quote_count': 0, 'impression_count': 0}",1610727750926757888
['1610727750888726529'],1243154133751926785,@cherohbii @abnormal_crypto I'm always looking for ways to diversify my income and this video about someone making 100+ ETH passively on Uniswap is super inspiring üí™  https://t.co/OjpU4w2H9u,"{'retweet_count': 0, 'reply_count': 0, 'like_count': 0, 'quote_count': 0, 'impression_count': 0}",1610727750888726529
['1610727750763188224'],1502608015169667073,"RT @oogicoin: WELL THEN, SINCE YOU ASKED, WE GUESS IT‚ÄôS AIRDROP SZN 2023 !!! ‚Ä¶ LET THIS SWARM WITH YOUR SOLANA WALLET ADDRESSES AND TAG THR‚Ä¶","{'retweet_count': 9938, 'reply_count': 0, 'like_count': 0, 'quote_count': 0, 'impression_count': 0}",1610727750763188224
['1610727750712848384'],1534123601586180097,"Become a Coinstore Teamster to claim massive exclusive #CNT airdrops

Join &amp; Trade, Come to unlock your exclusive Airdrop!

üí°Check more details:¬†https://t.co/syluPeyhsX‚Ä¶

Join Now: https://t.co/nHM2OZWkkb‚Ä¶

Key word:¬†#Coinstore¬†#CoinstorePrime #ChooseCoinstore #Teamster #CNT https://t.co/4fR3a0Cvi4","{'retweet_count': 0, 'reply_count': 0, 'like_count': 0, 'quote_count': 0, 'impression_count': 16}",1610727750712848384
['1610727749366185995'],1287342973857009664,"üî•Bullish on @Crypto_Skulls in the next race! 

üî•It's early but already on the way! 

üíØThe bottom was found a few months ago! 

‚ò†Ô∏èWait to see more !‚ò†Ô∏è

#NFT #fyp„Ç∑ #NFTCommunity #Fyptt #nftart #nfts #art #fypage #fyp #world #cryptocurrency #opensea #museum #work #cryptoskull https://t.co/Gr9crCN0Sa","{'retweet_count': 10, 'reply_count': 2, 'like_count': 34, 'quote_count': 0, 'impression_count': 547}",1610727749366185995
['1610727749328723968'],1097938928991125509,"RT @TaporyClub: $BONK next holders between 100K to 500K untill coming of January's 2 week of 2023.

1 Sol = 1,000,000 BONK 
Bonk Holder = 1‚Ä¶","{'retweet_count': 2, 'reply_count': 0, 'like_count': 0, 'quote_count': 0, 'impression_count': 0}",1610727749328723968
['1610727749211021312'],876834386955698176,"If you'r–µ –∞ crypto trader, you must see this. @VukRadjen @matickuharcuha @lukasz_artur @SashaStarets @awais2023 @Thevegasrapist @RaRaileanu @lichtinate @ShadowFarouk @_Life_Elevated @Michal07799920 @Mustafa22041687 @tomseymour7 @CryptoBugga @Alexis_Mwenda https://t.co/tLpHHk1Mox","{'retweet_count': 0, 'reply_count': 0, 'like_count': 0, 'quote_count': 0, 'impression_count': 0}",1610727749211021312
['1610727748821213185'],1149486165973598210,"RT @JohnReedStark: ""Crypto is not real. Like the platinum coins in EverQuest, it has no intrinsic value and is untethered to anything but t‚Ä¶","{'retweet_count': 142, 'reply_count': 0, 'like_count': 0, 'quote_count': 0, 'impression_count': 0}",1610727748821213185
['1610727748762206221'],1386734359344992258,"RT @crypto_dziki: Hej Ty! Tak Ty! 

Jeste≈õ prawdziwym Crypto Dzikiem? Udowodnij to. 

Na stronie https://t.co/SjweLEYROq czekajƒÖ na Ciebie‚Ä¶","{'retweet_count': 12, 'reply_count': 0, 'like_count': 0, 'quote_count': 0, 'impression_count': 0}",1610727748762206221
['1610727747617435648'],1610523014529187840,RT @WatcherGuru: JUST IN: üáÆüá© Indonesia announces plans to launch a national #crypto exchange.,"{'retweet_count': 1646, 'reply_count': 0, 'like_count': 0, 'quote_count': 0, 'impression_count': 0}",1610727747617435648
['1610727747600670721'],1290510034858729474,Pump M–∞nipul–∞tor is the best place for crypto traders @Spzmk @Furi_noob_234 @H0llowBr4in @hseyinm28505785 @TigerWoods2315 @dennischris_ @GuruOfWarrior @MMoonboi589 @bennyben1 @DukeAndrs @PedroCoppini @iamahmad4410 @noodlemanKD @youngasianpewpi @max_eth1 https://t.co/9BQG6b5qyp,"{'retweet_count': 0, 'reply_count': 0, 'like_count': 0, 'quote_count': 0, 'impression_count': 12}",1610727747600670721
['1610727746455601157'],1456698803990396992,"RT @BonkMonkeys: #Bonk airdrop for everyone. Drop your $SOL addy $BONK to everyone who
Follow, Like, RT, Comment wallet below. üëá https://t.‚Ä¶","{'retweet_count': 299, 'reply_count': 0, 'like_count': 0, 'quote_count': 0, 'impression_count': 0}",1610727746455601157
['1610727746350497794'],265631921,"@dallas214solja @Bitboy_Crypto @OilCrypto @GaryGensler @SECGov Whoa, whoa, whoa! This is mind-blowing.","{'retweet_count': 0, 'reply_count': 2, 'like_count': 0, 'quote_count': 0, 'impression_count': 0}",1610727746350497794
['1610727745520275457'],998328574783389698,I m–∞d–µ x3 from my investment by following their instruction in Telegr–∞m!  @fmrgmm @KevinDS27085510 @bryism24 @Jabrix_lanang @HalilAtasever9 @yalcinkaya_ @crypto_fais @Espressopete1 @dropbong99 @tott_ii @berube_berube7 @J4m3s0n1 @Jajorp92 @NinoBrownQNT @kuei76 https://t.co/ghgdr8zssW,"{'retweet_count': 0, 'reply_count': 0, 'like_count': 0, 'quote_count': 0, 'impression_count': 6}",1610727745520275457
['1610727745406787584'],1404832314346115072,@XEN__crypto_34 @XEN_Crypto @mrJackLevin Hen flight https://t.co/FlKHGlXvNK,"{'retweet_count': 0, 'reply_count': 0, 'like_count': 0, 'quote_count': 0, 'impression_count': 24}",1610727745406787584
['1610727745285128192'],895707587835985920,"RT @goatkripto: 1 takip√ßimden iban isteyelim. Bu g√∂nderiyi RT'lemeniz ve beni takip ediyor olmanƒ±z yeterli. üêê

#bitcoin‚ÄØ‚ÄØ‚ÄØ #crypto #√ßekili≈ü‚Ä¶","{'retweet_count': 170, 'reply_count': 0, 'like_count': 0, 'quote_count': 0, 'impression_count': 0}",1610727745285128192
['1610727745272643584'],1545003312365596672,@CryptoInsightsX @RichQuack @BabyDogeCoin @Lovely_finance @VoltInuOfficial @BscPitbull @_hamster_coin @rottoken @Tamadogecoin @VitaInuCoin @InuKishu @shiba_forest @Marvin_Inu @MicroPetsBSC @AKITA_network @Puli_Token @FlokiMooni @MiloInu @KibaInuWorld $QUACK #Crypto #NFT #NFTs,"{'retweet_count': 0, 'reply_count': 0, 'like_count': 0, 'quote_count': 0, 'impression_count': 4}",1610727745272643584
['1610727745138327552'],310723474,@dallas214solja @Bitboy_Crypto @OilCrypto @GaryGensler @SECGov I'm not new to this. I invested 10 eth into this and it's already up 17 BNB in two weeks.,"{'retweet_count': 0, 'reply_count': 2, 'like_count': 0, 'quote_count': 0, 'impression_count': 0}",1610727745138327552
['1610727745108967435'],1553859420920184832,"RT @SorareConcours: üéÅ FAST CONCOURS üéÅ

JOUEUR √Ä GAGNER : IEBE SWERS

Conditions pour participer : 

- Follow @SorareConcours et @toutPolyva‚Ä¶","{'retweet_count': 338, 'reply_count': 0, 'like_count': 0, 'quote_count': 0, 'impression_count': 0}",1610727745108967435
['1610727744845017089'],865224346481995777,"RT @XPunkDS: üö® NEW YEAR, NEW AIRDROP OF #XSPECTAR TOKEN INCOMING! üö®

TO ENTER:

üëâ Follow @CombatKanga &amp; @xspectar 

üëâ RETWEET &amp; tag friends‚Ä¶","{'retweet_count': 147, 'reply_count': 0, 'like_count': 0, 'quote_count': 0, 'impression_count': 0}",1610727744845017089
['1610727744828243968'],321229869,"@rkvchat @Bitboy_Crypto @OilCrypto @GaryGensler @SECGov Whoa, whoa, whoa!","{'retweet_count': 0, 'reply_count': 2, 'like_count': 0, 'quote_count': 0, 'impression_count': 0}",1610727744828243968
['1610727744769495041'],1545407758366679041,"RT @taskonxyz: üéá#TaskOn x @cre_verse have prepared a special New Year's gift for you! 
 
üéÅ 150 $USDT + #TaskOn #EXPs
 
‚è∞ Dec 30th 10:00 - J‚Ä¶","{'retweet_count': 581, 'reply_count': 0, 'like_count': 0, 'quote_count': 0, 'impression_count': 0}",1610727744769495041
['1610727744111009792'],235328249,"RT @mariushav: Even the fudders know #Saitama will be 3 digits within 2026.

Institutional investors will come, then üß®üß®üí£üí£üí•üí•

Merry Christma‚Ä¶","{'retweet_count': 1, 'reply_count': 0, 'like_count': 0, 'quote_count': 0, 'impression_count': 0}",1610727744111009792
['1610727744039534592'],4768830455,"Transfer of coins i minted and there seems to be 25 million coins that didn‚Äôt end up at https://t.co/OS7RHr14Kh instead it was intercepted by a local gang of crypto hackers in Cambria county and they have been active here 4 awhile.

TFC token tracker 

https://t.co/PcEPzaX5ju","{'retweet_count': 1, 'reply_count': 3, 'like_count': 1, 'quote_count': 0, 'impression_count': 82}",1610727744039534592
['1610727743955533830'],1506231815497003012,"Have you forgotten  your login details? or Your account got hacked?
Let me be your hacker.
Every account recovery available #Trustwallet #cryptocurrency #BNB¬† #Coinbase #cyber #RecoveryPhrase #coinbase #crypto #Ethereum #CryptoNews #Binance¬†¬†#BTC¬†¬†¬†#Anonymous #Binance¬†   ..","{'retweet_count': 0, 'reply_count': 0, 'like_count': 0, 'quote_count': 0, 'impression_count': 8}",1610727743955533830
['1610727743892905984'],1173744255099166725,@crypto_sauce23 NFA DYOR but it‚Äôs strong,"{'retweet_count': 0, 'reply_count': 1, 'like_count': 1, 'quote_count': 0, 'impression_count': 44}",1610727743892905984
['1610727743821598721'],1358314699499204614,"RT @bong_inu: If you missed out on $Bonk, then Bong inu got a massive $Bong airdrop for you.

Just fill the form below to enter:

https://t‚Ä¶","{'retweet_count': 13670, 'reply_count': 0, 'like_count': 0, 'quote_count': 0, 'impression_count': 0}",1610727743821598721
['1610727743456514048'],295309909,@Bitboy_Crypto @OilCrypto @GaryGensler @SECGov This guy has made over $200k by exploiting Uniswap. How is this allowed to happen? https://t.co/LiIggngYs0,"{'retweet_count': 0, 'reply_count': 4, 'like_count': 0, 'quote_count': 0, 'impression_count': 0}",1610727743456514048
['1610727743108292610'],1405859691998191618,RT @Kriptomaniaca: Bu ak≈üam 21:45' de uzun vade ta≈üƒ±mak kaydƒ±yla alacaƒüƒ±m coinlerden birini beklentilerim ve alƒ±m yerleriyle birlikte payla‚Ä¶,"{'retweet_count': 58, 'reply_count': 0, 'like_count': 0, 'quote_count': 0, 'impression_count': 0}",1610727743108292610
['1610727742634336258'],367045413,"@rkvchat @Bitboy_Crypto @OilCrypto @GaryGensler @SECGov I know about MEVs, let's not share too much so it doesn't stop working anytime soon :P","{'retweet_count': 0, 'reply_count': 2, 'like_count': 0, 'quote_count': 0, 'impression_count': 0}",1610727742634336258
['1610727742537977860'],714510608566206465,"RT @Nekomuri_Solana: https://t.co/jFAepEoNND
-first 5000 user Get 100$ K NEKO

#Solana #SolanaAirdrop #Airdrop #Crypto #Giveaway #cryptocur‚Ä¶","{'retweet_count': 6507, 'reply_count': 0, 'like_count': 0, 'quote_count': 0, 'impression_count': 0}",1610727742537977860
['1610727740973391872'],302124502,@Bitboy_Crypto @OilCrypto @GaryGensler @SECGov This is an inspiring story and I'm sure it will encourage others to pursue their own goals and dreams. https://t.co/9biq6OFfJc,"{'retweet_count': 0, 'reply_count': 4, 'like_count': 0, 'quote_count': 0, 'impression_count': 0}",1610727740973391872
['1610727739614498818'],3346838656,"RT @Huskyy_SOL: If you missed $Bonk Airdrop, dont worry $HSKY airdrop is here for yall.

To enter :
- Follow our twitter
- Retweet &amp; Tag 3‚Ä¶","{'retweet_count': 361, 'reply_count': 0, 'like_count': 0, 'quote_count': 0, 'impression_count': 0}",1610727739614498818
['1610727739203485698'],3436082081,I just got $3000 DAI 2.0! @reminisce_ming @FerchoKirill @crypto_nut22 @IAMVoxel @E_THIOMVSHKO @ISMAILM1990 @therealcupe @_preme__ @Setuhlambert49 @Majid95622434 @ba92358 https://t.co/CdSVn2QsBm,"{'retweet_count': 0, 'reply_count': 0, 'like_count': 0, 'quote_count': 0, 'impression_count': 31}",1610727739203485698
['1610727738146521089'],1608788655149121537,#Airdrop https://t.co/W0JRYyJxNy,"{'retweet_count': 0, 'reply_count': 0, 'like_count': 0, 'quote_count': 0, 'impression_count': 1}",1610727738146521089
['1610727737655980033'],1526470208013352960,"RT @Airdrop6_com: New #airdrop: MonteGroup (Bot)
Reward: 15 TRX
News: JCACompany
Distribution date: January 20th

üîóAirdrop Link: https://t.‚Ä¶","{'retweet_count': 4893, 'reply_count': 0, 'like_count': 0, 'quote_count': 0, 'impression_count': 0}",1610727737655980033
['1610727737538531328'],1550535440549425152,@crypto_inez @mooningagency https://t.co/88mX7BhYdh,"{'retweet_count': 0, 'reply_count': 0, 'like_count': 0, 'quote_count': 0, 'impression_count': 0}",1610727737538531328
['1610727736904908806'],1559609623400906752,"RT @TradeStrikeBVI: #TradeX will bring yet another way for you to purchase your crypto directly!

Connect with high-quality providers from‚Ä¶","{'retweet_count': 86, 'reply_count': 0, 'like_count': 0, 'quote_count': 0, 'impression_count': 0}",1610727736904908806
['1610727736833605646'],1059845679923761153,"If you'r–µ –∞ crypto trader, you must see this. @thisisksa @MuneebShahzadMS @coolcat1199 @dami8886 @Ekanemdey4u @DokusKwak_ @schito_stefano @lewisbroten @MusaJam43876739 @carlosedder @Aloul40 @doganbs @MikeMason042909 @supayot @hsktrbrftb https://t.co/XVHeag7hvg","{'retweet_count': 0, 'reply_count': 0, 'like_count': 0, 'quote_count': 0, 'impression_count': 2}",1610727736833605646
['1610727736821321728'],1545407758366679041,"@StarryNift metaverse project looks very interesting 
Metaverse is still a dream for some people

Let's support @StarryNift to become the top metaverse project

@fahrizaidr 
@Lukman246681808 
@AdinataBarata

#HappyNewYear2023 #airdrop #giveaway https://t.co/4SwsK06QJE","{'retweet_count': 0, 'reply_count': 0, 'like_count': 0, 'quote_count': 0, 'impression_count': 1}",1610727736821321728
['1610727736712253440'],1593500486292111363,"RT @AniwarOfficial: üíé ANIWAR AIRDROP CAMPAIGN - PHASE 2 üíé

LINK ‚û°Ô∏è https://t.co/wrHX2UuhGd

üèÜ Top 5 of 200 Referrals will win 200,000 $ANIW‚Ä¶","{'retweet_count': 7840, 'reply_count': 0, 'like_count': 0, 'quote_count': 0, 'impression_count': 0}",1610727736712253440
['1610727736632569857'],1564667474335137793,"Over time, we will release more mood trackers for different #cryptocurrency. For now, follow @SophiasMood, @SophiasBTCMood, @SophiasETHMood, &amp; @SophiasBNBMood for market &amp; coin mood trackers. We offer the most reliable #Crypto intelligence for the #cryptocommunity.","{'retweet_count': 0, 'reply_count': 1, 'like_count': 1, 'quote_count': 0, 'impression_count': 23}",1610727736632569857
['1610727736472993793'],1575912122499973141,"RT @Custodios_nft: The long-awaited 1:1 drop is coming this monthüò±

In the collection you will find many familiar faces of people you follo‚Ä¶","{'retweet_count': 945, 'reply_count': 0, 'like_count': 0, 'quote_count': 0, 'impression_count': 0}",1610727736472993793
['1610727735571410945'],1488550701374525440,"RT @Sebastian_B_S: XDCPay2.0 looks attractive and user-friendly!!!
If you have not tested the new #XDCPay beta version check it now and com‚Ä¶","{'retweet_count': 22, 'reply_count': 0, 'like_count': 0, 'quote_count': 0, 'impression_count': 0}",1610727735571410945
['1610727734946193411'],1496715994617851905,"RT @Babyapessociety: Babyapessociety OAT Campaign edition 3

 @BabyApesSociety third oat. Claim to get benefits in the future.The holders o‚Ä¶","{'retweet_count': 13242, 'reply_count': 0, 'like_count': 0, 'quote_count': 0, 'impression_count': 0}",1610727734946193411
['1610727734077947915'],1554816399385759744,"$NDF price go up 2.63% in last minute on #MEXCTrading pair:#NDF/#USDTüëâhttps://t.co/wP9reHjAjAlast price: $ 0.0018081 #cryptocurrency #crypto #cryptonews #cryptoAlerts #blockchain  #cryptotrading #cryptoprices #altcoins #bitcoin","{'retweet_count': 0, 'reply_count': 1, 'like_count': 0, 'quote_count': 0, 'impression_count': 18}",1610727734077947915
['1610727733419442189'],1595305372725743618,RT @GolfGod707: @VoltInuOfficial ‚ö°Ô∏è #VOLT #VOLTICHANGE @Pablo_cro @LimitlessVolt1 @VoltInuOfficial @TheGen35 @RealElMusa  @cryptolatina111‚Ä¶,"{'retweet_count': 10, 'reply_count': 0, 'like_count': 0, 'quote_count': 0, 'impression_count': 0}",1610727733419442189
['1610727733335855104'],1307267102781440000,"@reynor_eth @trahpxle I never thought I'd be interested in crypto, but this video about someone making 100+ ETH passively on Uniswap has me hooked ü§ë  https://t.co/dyMBIRLtfV","{'retweet_count': 0, 'reply_count': 1, 'like_count': 0, 'quote_count': 0, 'impression_count': 2}",1610727733335855104
['1610727733197438976'],1564667474335137793,"We take a scientific approach to measuring &amp; evaluating the performance of @SophiasMood. At day start, we analyze #crypto #data &amp; establish a mood for each #cryptocurrency. At day end, we look back &amp; assess whether a coin's mood was correct using the following criteria. https://t.co/fC8WswiuzQ","{'retweet_count': 1, 'reply_count': 3, 'like_count': 2, 'quote_count': 1, 'impression_count': 117}",1610727733197438976
['1610727732840628242'],1584276872191434752,"Stay AWAY. do not deposit any crypto, if you did try to withdraw fast or else your crypto pose a risk of being stolen
#icaver #Vctopro, #soatfacil #Tradetid or
#Tanga and #wBTC #RenBTC #jubato
#leagoldberg, #CMTT #KQZ
#letrader and #fvct
Message me for help https://t.co/GxdQX7xvEy","{'retweet_count': 0, 'reply_count': 1, 'like_count': 0, 'quote_count': 0, 'impression_count': 13}",1610727732840628242
['1610727732488601601'],1412890462122242060,"RT @Kitty_Solana: üéâGIVING AWAYüéâ
50% of all $KITTY supply to all who still support!
Rules:
1Ô∏è‚É£Follow @Kitty_Solana
2Ô∏è‚É£RT &amp; LIKE
3Ô∏è‚É£Tag 3 Fri‚Ä¶","{'retweet_count': 16160, 'reply_count': 0, 'like_count': 0, 'quote_count': 0, 'impression_count': 0}",1610727732488601601
['1610727732090146817'],235328249,"RT @mariushav: I do feel a bit unfaithful, but #MaziMatic is kind of sexy üëÄüß®üòò @Mazimatic @Epayme_uae 

#Saitama #SaitaRealty  #Wolfpack  @W‚Ä¶","{'retweet_count': 3, 'reply_count': 0, 'like_count': 0, 'quote_count': 0, 'impression_count': 0}",1610727732090146817
['1610727731075092480'],1499718718791696384,"RT @CiervoGems: $1000 | 10 Days

‚Ä¢ RT &amp; Follow @FightOut_
‚Ä¢ Join Telegram and post proof: https://t.co/4nFL2n2RjY

- - - - -

The future of‚Ä¶","{'retweet_count': 4757, 'reply_count': 0, 'like_count': 0, 'quote_count': 0, 'impression_count': 0}",1610727731075092480
['1610727730751864846'],854432902704230400,"RT @AlveyChain: üî•It is with great pleasure that we announce a big partnership with @Imovofficial 
‚ù§Ô∏èOur goal is to grow our allies and deve‚Ä¶","{'retweet_count': 3157, 'reply_count': 0, 'like_count': 0, 'quote_count': 0, 'impression_count': 0}",1610727730751864846
['1610727730483728384'],1376867838569287682,"@wooflana Very good &amp; strong project.Hope this project will be successful soon 
@lamiyakhatun21 
@MdSajib438 
@ArafatH82355451 
#Airdrop #SolanaGiveaways #SolanaAirdrop #Solana","{'retweet_count': 0, 'reply_count': 0, 'like_count': 0, 'quote_count': 0, 'impression_count': 0}",1610727730483728384
['1610727730441785344'],1610499719968755712,"RT @Coachjv_: WEF dropped a massive hint for #crypto!
#xrp #crypto #xlm #algo #hbar #qnt https://t.co/KYe7ZD6FyC","{'retweet_count': 180, 'reply_count': 0, 'like_count': 0, 'quote_count': 0, 'impression_count': 0}",1610727730441785344
['1610727729485185025'],968218654918590464,"If you'r–µ –∞ crypto trader, you must see this. @Octopusmax11 @OuhSnap @NewtonEnt244 @Batcane @g_elizondo @ctromb1040 @Crypto_Rishav @NFTAnjel1 @abidgate @robdlaidig @meinanzi14 @Ivan57212346 @MaitoUS @cr8iveye @tradersan https://t.co/n1p8kPdRH2","{'retweet_count': 0, 'reply_count': 0, 'like_count': 0, 'quote_count': 0, 'impression_count': 2}",1610727729485185025
['1610727727908401152'],369467891,"@pvckmesweenpi The Kabosu Inu Airdrop is LiVE! 
Kindly send a Direct message if you are having any issues or have not received your 45% airdrop on the token you hold. we would make sure to work on it immediately. https://t.co/TqHwcimN3O","{'retweet_count': 0, 'reply_count': 0, 'like_count': 0, 'quote_count': 0, 'impression_count': 1}",1610727727908401152
['1610727727761616896'],1574852103775916044,"@Crypto__emily @LuderProtocol 

üïì We present to you 

‚è∫$LUDER is an innovative decentralized token
üöÄ LAUNCH üöÄ
1bnb = 100,000 $LUDER
Date: Tuesday 10, January 2023

Website: https://t.co/2pTyFf5Ocm
Twitter: https://t.co/wcUJuqzEzM
Tg :https://t.co/VEZdFqNSgx","{'retweet_count': 0, 'reply_count': 0, 'like_count': 1, 'quote_count': 0, 'impression_count': 3}",1610727727761616896
['1610727727522275329'],373505966,"@digitalassetbuy 8/ So: 

We now have a dissolutioned population spurned on by disinformation from bad actors. This population is active and angry. 

So, if there is an announcement cutting out Ripple (or crushing crypto) in the interest of the government, we have a wall.","{'retweet_count': 0, 'reply_count': 1, 'like_count': 1, 'quote_count': 0, 'impression_count': 32}",1610727727522275329
['1610727727379644416'],1328994032568025089,V–µry g–æod n–µws! Th–µy announced the next pump signal in Telegram @crypto_Dedo_ @chrisxander11 @Stan_Buggi @Aftabkhattak_ @XiaoyuMa12 @RospiBasta @MulkiDab @j_gadgets_ltd @Eyupbkk @Gabrielzrom @artur0niet0 @peppelei @okaforemeka329 @samikhan915 @FloatingDubgas https://t.co/WslwcDURhz,"{'retweet_count': 0, 'reply_count': 0, 'like_count': 0, 'quote_count': 0, 'impression_count': 0}",1610727727379644416
['1610727726574354435'],1305381718887522304,Pump M–∞nipul–∞tor is the best place for crypto traders @onlycryptos17 @tyrtrui @davidst07622095 @jaks_cs @IndexCubeSearch @CViking533 @chris_Crypto92 @RasaqRiliwan1 @realjackolin @OxPemujaMakJix @cdipen045 @yvovd @TC_Moenchberg @Olayinkha1 @iabaskar https://t.co/rfETA0ODLA,"{'retweet_count': 0, 'reply_count': 0, 'like_count': 0, 'quote_count': 0, 'impression_count': 16}",1610727726574354435
['1610727725261635587'],1372658771328184329,"RT @Baby_bonkinu: üéÅFirst Ever $BABYBONK Airdrop now live!!

üëâFirst 2K to complete task receive 10M $Babybonk

‚úÖTo enter:
Just fill the form‚Ä¶","{'retweet_count': 7982, 'reply_count': 0, 'like_count': 0, 'quote_count': 0, 'impression_count': 0}",1610727725261635587
['1610727725098242048'],1606059865050185728,"RT @Metavers_Worlds: ‚òÑÔ∏è @USMverse partnership with @Bitgertbrise to improve features in the #Metaverse

‚òÑÔ∏è #Bitgert is one blockchain-based‚Ä¶","{'retweet_count': 58, 'reply_count': 0, 'like_count': 0, 'quote_count': 0, 'impression_count': 0}",1610727725098242048
['1610727725064388613'],1465458307058094086,"RT @HoldstationW: Holdstation #Referral Program Airdrop üéÅ

The MORE you Refer the MORE you #Earn ü§ë
- Get $20 by registering a referral acco‚Ä¶","{'retweet_count': 3159, 'reply_count': 0, 'like_count': 0, 'quote_count': 0, 'impression_count': 0}",1610727725064388613
['1610727724892717057'],1600033779220828160,"This token will be booming and recommended to my crypto friends
@balle_dee @malikmuonlwy @wggreggub https://t.co/iyqjlWVHv8","{'retweet_count': 0, 'reply_count': 0, 'like_count': 0, 'quote_count': 0, 'impression_count': 5}",1610727724892717057
['1610727724804341775'],769652548391370754,"Let's pray together, we make noise !! @crypto_hoarder1 @PD687 @4n93L170 @chaer001 @MhcrevV @aiglesiasma @Janny07907483 @Roger64705201 @Wetpistols @SpeedyTiger5 @Leandro77773472 https://t.co/Xx87riUbrF","{'retweet_count': 0, 'reply_count': 0, 'like_count': 0, 'quote_count': 0, 'impression_count': 17}",1610727724804341775
['1610727723818680338'],1531278450769674242,"RT @RollbitRewards: $100 #Giveaway üéÅ

Just #RT and #follow us! üéâ

Winner in 24h üí∏ #RollbitRewards 

#Crypto #Bitcoin #BTC #Etherium #ETH ht‚Ä¶","{'retweet_count': 4279, 'reply_count': 0, 'like_count': 0, 'quote_count': 0, 'impression_count': 0}",1610727723818680338
['1610727723537944577'],1504475535983857674,"RT @AirdropStario: üíß Artyfact Airdrop üíß

üìç Audit

üèÜ Task:       ‚ûï    3 BUSD for 530 random participants each.

üë®‚Äçüë©‚Äçüëß Referral: ‚ûï    1100 BU‚Ä¶","{'retweet_count': 957, 'reply_count': 0, 'like_count': 0, 'quote_count': 0, 'impression_count': 0}",1610727723537944577
author id,created_at,id,like_count,reply_count,retweet_count,source,tweet
author id,created_at,id,like_count,reply_count,retweet_count,source,tweet
author id,created_at,id,like_count,reply_count,retweet_count,source,tweet
author id,created_at,id,like_count,reply_count,retweet_count,source,tweet
author id,created_at,id,like_count,reply_count,retweet_count,source,tweet
author id,created_at,id,like_count,reply_count,retweet_count,source,tweet
author id,created_at,id,like_count,reply_count,retweet_count,source,tweet
